{
  "GET Home Page - Demoblaze shop" : {
    "transaction" : "GET Home Page - Demoblaze shop",
    "sampleCount" : 2385,
    "errorCount" : 0,
    "errorPct" : 0.0,
    "meanResTime" : 1107.3475890985308,
    "medianResTime" : 845.0,
    "minResTime" : 520.0,
    "maxResTime" : 4267.0,
    "pct1ResTime" : 2016.0000000000005,
    "pct2ResTime" : 2400.7,
    "pct3ResTime" : 3053.9399999999973,
    "throughput" : 39.53453677457855,
    "receivedKBytesPerSec" : 113.16040793819518,
    "sentKBytesPerSec" : 4.903209150753394
  },
  "Total" : {
    "transaction" : "Total",
    "sampleCount" : 2385,
    "errorCount" : 0,
    "errorPct" : 0.0,
    "meanResTime" : 1107.3475890985308,
    "medianResTime" : 845.0,
    "minResTime" : 520.0,
    "maxResTime" : 4267.0,
    "pct1ResTime" : 2016.0000000000005,
    "pct2ResTime" : 2400.7,
    "pct3ResTime" : 3053.9399999999973,
    "throughput" : 39.53453677457855,
    "receivedKBytesPerSec" : 113.16040793819518,
    "sentKBytesPerSec" : 4.903209150753394
  }
}